{"d": 8.4, "D": 71.5, "n_ball": 16, "contact_angle": 0.2647664475275398, "sampling_frequency": 20480, "expected_fault_frequencies": {"ball": 140.04112107213933, "outer": 236.429685368469, "inner": 296.9036479648644}}